Menu Item,Ingredients,Quantity,Unit,Cost Price (MYR),Total Price (MYR),Notes
Cheese Toastie (white),Mighty White Long Sandwich Bread,2,slice,0.44,0.88,
,Bega Cheese Slice,1,slice,0.41,0.41,
,Palm Oil,1,pc,0.30,0.30,
,Packaging,1,pc,0.30,0.30,
,,,,Cost,MYR 1.89,
,,,,Sale,MYR 5.50,
,,,,COGS %,34%,
,,,,Profit,MYR 3.61,
,,,,,,
3-Egg Omelette (Plain),Egg,3,pc,0.53,1.59,
,Butter,10,gm,0.06,0.60,
,Salt,2,gm,0.01,0.02,
,Pepper,1,gm,0.08,0.08,
,Packaging,1,pc,0.50,0.50,
,,,,Cost,MYR 2.79,
,,,,Sale,MYR 10.00,
,,,,COGS %,28%,
,,,,Profit,MYR 7.21,
,,,,,,
3-Egg Omelette (Cheese),Egg,3,pc,0.53,1.59,
,Butter,10,gm,0.06,0.60,
,Bega Cheese Slice,1,slice,0.41,0.41,
,Salt,2,gm,0.01,0.02,
,Pepper,1,gm,0.08,0.08,
,Packaging,1,pc,0.50,0.50,
,,,,Cost,MYR 3.20,
,,,,Sale,MYR 11.00,
,,,,COGS %,29%,
,,,,Profit,MYR 7.80,
,,,,,,
3-Egg Omelette (Ham & Cheese),Egg,3,pc,0.53,1.59,
,Butter,10,gm,0.06,0.60,
,Bega Cheese Slice,1,slice,0.41,0.41,
,Chicken Ham,serving,1,0.65,0.65,
,Salt,2,gm,0.01,0.02,
,Pepper,1,gm,0.08,0.08,
,Packaging,1,pc,0.50,0.50,
,,,,Cost,MYR 3.85,
,,,,Sale,MYR 13.00,
,,,,COGS %,30%,
,,,,Profit,MYR 9.15,
,,,,,,
Scrambled Eggs on Toast,Egg,2,pc,0.53,1.06,
,Butter,15,gm,0.06,0.90,
,Schiacciata Bread,2,pc,2.29,4.58,
,Milk,30,ml,0.01,0.30,
,Salt,2,gm,0.01,0.02,
,Pepper,1,gm,0.08,0.08,
,Packaging,1,pc,0.50,0.50,
,,,,Cost,MYR 7.44,
,,,,Sale,MYR 9.50,
,,,,COGS %,78%,
,,,,Profit,MYR 2.06,
,,,,,,
Thunder Brekkie,Egg,2,pc,0.53,1.06,
,Schiacciata Bread,2,pc,2.29,4.58,
,Butter,15,gm,0.06,0.90,
,Baked Beans,80,gm,0.03,2.40,
,Button Mushroom,30,gm,0.03,0.90,
,Tomato,0.5,pc,0.50,0.25,
,Salt,2,gm,0.01,0.02,
,Pepper,1,gm,0.08,0.08,
,Packaging,1,pc,0.50,0.50,
,,,,Cost,MYR 10.69,
,,,,Sale,MYR 16.00,
,,,,COGS %,67%,
,,,,Profit,MYR 5.31,
,,,,,,
Classic Cheese Toastie,Schiacciata Bread,1,pc,2.29,2.29,
,Bega Cheese Slice,2,slice,0.41,0.82,
,Butter,5,gm,0.06,0.30,
,Packaging,1,pc,0.50,0.50,
,,,,Cost,MYR 3.91,
,,,,Sale,MYR 5.90,
,,,,COGS %,66%,
,,,,Profit,MYR 1.99,
,,,,,,
Chicken Ham & Cheese Toastie,Schiacciata Bread,1,pc,2.29,2.29,
,Bega Cheese Slice,2,slice,0.41,0.82,
,Chicken Ham,serving,1,0.65,0.65,
,Butter,5,gm,0.06,0.30,
,Packaging,1,pc,0.50,0.50,
,,,,Cost,MYR 4.56,
,,,,Sale,MYR 7.90,
,,,,COGS %,58%,
,,,,Profit,MYR 3.34,
,,,,,,
Tomato & Cheese Toastie,Schiacciata Bread,1,pc,2.29,2.29,
,Bega Cheese Slice,2,slice,0.41,0.82,
,Tomato,2,slice,0.25,0.50,
,Butter,5,gm,0.06,0.30,
,Oregano,1,gm,0.22,0.22,
,Packaging,1,pc,0.50,0.50,
,,,,Cost,MYR 4.63,
,,,,Sale,MYR 6.90,
,,,,COGS %,67%,
,,,,Profit,MYR 2.27,
,,,,,,
Overnight Oats,Rolled Oats,60,gm,0.01,0.35,
,Farm Milk,100,ml,0.01,1.00,
,Greek Yoghurt,50,gm,0.02,1.00,
,Honey,15,ml,0.02,0.30,
,Mixed Berries,30,gm,0.07,2.10,
,Chia Seeds,10,gm,0.05,0.50,
,Vanilla Extract,2,ml,0.36,0.07,
,Container,1,pc,0.50,0.50,
,,,,Cost,MYR 5.82,
,,,,Sale,MYR 8.50,
,,,,COGS %,68%,
,,,,Profit,MYR 2.68,
,,,,,,
Greek Yogurt Bowl,Greek Yoghurt,200,gm,0.02,4.00,
,Honey,20,ml,0.02,0.40,
,Granola,30,gm,0.01,0.30,
,Mixed Nuts,15,gm,0.05,0.75,
,Mixed Berries,20,gm,0.07,1.40,
,Container,1,pc,0.50,0.50,
,,,,Cost,MYR 7.35,
,,,,Sale,MYR 10.00,
,,,,COGS %,74%,
,,,,Profit,MYR 2.65,
,,,,,,
Chia Pudding,Chia Seeds,40,gm,0.05,2.00,
,Coconut Milk,150,ml,0.01,1.50,
,Vanilla Extract,3,ml,0.36,0.10,
,Honey,15,ml,0.02,0.30,
,Mixed Berries,20,gm,0.07,1.40,
,Container,1,pc,0.50,0.50,
,,,,Cost,MYR 5.80,
,,,,Sale,MYR 9.00,
,,,,COGS %,64%,
,,,,Profit,MYR 3.20,
,,,,,,
Tuna Melt,Schiacciata Bread,1,pc,2.29,2.29,
,Canned Tuna,80,gm,0.02,1.60,
,Bega Cheese Slice,1,slice,0.41,0.41,
,Mayonnaise,20,gm,0.02,0.40,
,Red Onion,10,gm,0.00,0.04,
,Lemon Juice,5,ml,0.01,0.05,
,Butter,5,gm,0.06,0.30,
,Packaging,1,pc,0.50,0.50,
,,,,Cost,MYR 5.59,
,,,,Sale,MYR 10.00,
,,,,COGS %,56%,
,,,,Profit,MYR 4.41,
,,,,,,
Smoked Salmon Bagel,Bagel,1,pc,1.50,1.50,
,Smoked Salmon,30,gm,0.12,3.60,
,Cream Cheese,25,gm,0.08,2.00,
,Capers,5,gm,0.10,0.50,
,Red Onion,2,slice,0.10,0.20,
,Dill,2,gm,0.10,0.20,
,Packaging,1,pc,0.50,0.50,
,,,,Cost,MYR 8.50,
,,,,Sale,MYR 12.00,
,,,,COGS %,71%,
,,,,Profit,MYR 3.50,
,,,,,,
Banana Bread Slice,Banana Bread,1,slice,2.50,2.50,
,Packaging,1,pc,0.50,0.50,
,,,,Cost,MYR 3.00,
,,,,Sale,MYR 6.00,
,,,,COGS %,50%,
,,,,Profit,MYR 3.00,
,,,,,,
Blueberry Muffin,Blueberry Muffin,1,pc,2.50,2.50,
,Packaging,1,pc,0.50,0.50,
,,,,Cost,MYR 3.00,
,,,,Sale,MYR 6.00,
,,,,COGS %,50%,
,,,,Profit,MYR 3.00,
,,,,,,
Butter Croissant,Butter Croissant,1,pc,2.00,2.00,
,Packaging,1,pc,0.50,0.50,
,,,,Cost,MYR 2.50,
,,,,Sale,MYR 5.00,
,,,,COGS %,50%,
,,,,Profit,MYR 2.50,
,,,,,,
Egg Mayo Sandwich,Thunder Sandwich Bread,2,slice,0.63,1.26,
,Egg,2,pc,0.53,1.06,
,Mayonnaise,20,gm,0.02,0.40,
,Salt,2,gm,0.01,0.02,
,Pepper,1,gm,0.08,0.08,
,Lettuce,1,leaf,0.30,0.30,
,Packaging,1,pc,0.50,0.50,
,,,,Cost,MYR 3.62,
,,,,Sale,MYR 6.50,
,,,,COGS %,56%,
,,,,Profit,MYR 2.88,
,,,,,,
Chicken & Cheese Panini,Schiacciata Bread,1,pc,2.29,2.29,
,Grilled Chicken Breast,60,gm,0.02,1.20,
,Bega Cheese Slice,2,slice,0.41,0.82,
,Tomato,2,slice,0.25,0.50,
,Pesto,10,gm,0.02,0.20,
,Butter,5,gm,0.06,0.30,
,Packaging,1,pc,0.50,0.50,
,,,,Cost,MYR 5.81,
,,,,Sale,MYR 11.00,
,,,,COGS %,53%,
,,,,Profit,MYR 5.19,
,,,,,,
Breakfast Burrito,Flour Tortilla,1,pc,0.80,0.80,
,Egg,2,pc,0.53,1.06,
,Baked Beans,50,gm,0.03,1.50,
,Bega Cheese Slice,1,slice,0.41,0.41,
,Salsa,30,gm,0.05,1.50,
,Avocado,30,gm,0.08,2.40,
,Sour Cream,15,gm,0.03,0.45,
,Packaging,1,pc,0.50,0.50,
,,,,Cost,MYR 8.62,
,,,,Sale,MYR 9.50,
,,,,COGS %,91%,
,,,,Profit,MYR 0.88,
,,,,,,
French Toast (2 slices),Brioche Bread,2,slice,2.08,4.16,
,Egg,1,pc,0.53,0.53,
,Milk,50,ml,0.01,0.50,
,Butter,10,gm,0.06,0.60,
,Cinnamon,2,gm,0.08,0.16,
,Pancake Syrup,20,ml,0.02,0.40,
,Sugar,10,gm,0.00,0.05,
,Packaging,1,pc,0.50,0.50,
,,,,Cost,MYR 6.90,
,,,,Sale,MYR 10.00,
,,,,COGS %,69%,
,,,,Profit,MYR 3.10,
,,,,,,
Pumpkin Soup (bowl + bread),Pumpkin,150,gm,0.00,0.60,
,Cream,50,ml,0.03,1.50,
,Chicken Stock,100,ml,0.01,1.00,
,Onion,30,gm,0.00,0.10,
,Garlic,5,gm,0.01,0.05,
,Butter,10,gm,0.06,0.60,
,Spices,2,gm,0.10,0.20,
,Schiacciata Bread,1,pc,2.29,2.29,
,Packaging,1,pc,0.50,0.50,
,,,,Cost,MYR 6.84,
,,,,Sale,MYR 9.00,
,,,,COGS %,76%,
,,,,Profit,MYR 2.16,
,,,,,,
Chicken Rice Box,Rice,200,gm,0.01,1.50,
,Grilled Chicken Breast,100,gm,0.02,2.00,
,Cucumber,30,gm,0.01,0.30,
,Soy Sauce,15,ml,0.01,0.15,
,Sesame Oil,5,ml,0.02,0.10,
,Garlic,3,gm,0.01,0.03,
,Ginger,5,gm,0.01,0.05,
,Soup,50,ml,0.01,0.50,
,Packaging,1,pc,0.50,0.50,
,,,,Cost,MYR 5.13,
,,,,Sale,MYR 12.00,
,,,,COGS %,43%,
,,,,Profit,MYR 6.87,
,,,,,,
Basil Pesto Pasta,Pasta,100,gm,0.02,2.00,
,Basil Pesto,50,gm,0.02,1.00,
,Parmesan Cheese,20,gm,0.07,1.40,
,Pine Nuts,10,gm,0.06,0.60,
,Olive Oil,10,ml,0.06,0.60,
,Salt,2,gm,0.01,0.02,
,Pepper,1,gm,0.08,0.08,
,Packaging,1,pc,0.50,0.50,
,,,,Cost,MYR 6.20,
,,,,Sale,MYR 18.00,
,,,,COGS %,34%,
,,,,Profit,MYR 11.80,
,,,,,,
Carbonara,Pasta,100,gm,0.02,2.00,
,Egg,2,pc,0.53,1.06,
,Bacon,50,gm,0.05,2.50,
,Cream,80,ml,0.03,2.40,
,Parmesan Cheese,30,gm,0.07,2.10,
,Black Pepper,2,gm,0.08,0.16,
,Packaging,1,pc,0.50,0.50,
,,,,Cost,MYR 10.72,
,,,,Sale,MYR 22.00,
,,,,COGS %,49%,
,,,,Profit,MYR 11.28,
,,,,,,
Caesar Salad,Romaine Lettuce,100,gm,0.01,0.80,
,Caesar Dressing,30,ml,0.03,0.90,
,Croutons,20,gm,0.02,0.40,
,Parmesan Cheese,15,gm,0.07,1.05,
,Packaging,1,pc,0.50,0.50,
,,,,Cost,MYR 3.65,
,,,,Sale,MYR 12.00,
,,,,COGS %,30%,
,,,,Profit,MYR 8.35,
,,,,,,
Caesar Salad with Chicken,Romaine Lettuce,100,gm,0.01,0.80,
,Caesar Dressing,30,ml,0.03,0.90,
,Croutons,20,gm,0.02,0.40,
,Parmesan Cheese,15,gm,0.07,1.05,
,Grilled Chicken Breast,80,gm,0.02,1.60,
,Packaging,1,pc,0.50,0.50,
,,,,Cost,MYR 5.25,
,,,,Sale,MYR 16.00,
,,,,COGS %,33%,
,,,,Profit,MYR 10.75,
,,,,,,
Nasi Lemak Bungkus,Rice,150,gm,0.01,1.00,
,Sambal,30,gm,0.03,0.90,
,Anchovies,10,gm,0.05,0.50,
,Egg,0.5,pc,0.53,0.27,
,Peanuts,15,gm,0.03,0.45,
,Cucumber,30,gm,0.01,0.30,
,Banana Leaf,1,pc,0.30,0.30,
,Packaging,1,pc,0.50,0.50,
,,,,Cost,MYR 4.22,
,,,,Sale,MYR 8.00,
,,,,COGS %,53%,
,,,,Profit,MYR 3.78,
,,,,,,
Iced Latte,Espresso,2,shot,0.40,0.80,
,Farm Milk,200,ml,0.01,2.00,
,Ice,100,gm,0.00,0.00,
,Plastic Cup,1,pc,0.27,0.27,
,Plastic Lid,1,pc,0.12,0.12,
,Paper Straw,1,pc,0.06,0.06,
,,,,Cost,MYR 3.25,
,,,,Sale,MYR 9.00,
,,,,COGS %,36%,
,,,,Profit,MYR 5.75,
,,,,,,
Iced Americano,Espresso,2,shot,0.40,0.80,
,Water,200,ml,0.00,0.00,
,Ice,100,gm,0.00,0.00,
,Plastic Cup,1,pc,0.27,0.27,
,Plastic Lid,1,pc,0.12,0.12,
,Paper Straw,1,pc,0.06,0.06,
,,,,Cost,MYR 1.35,
,,,,Sale,MYR 8.00,
,,,,COGS %,17%,
,,,,Profit,MYR 6.65,
,,,,,,
Classic Brownie,Classic Brownie,1,pc,3.00,3.00,
,Packaging,1,pc,0.50,0.50,
,,,,Cost,MYR 3.50,
,,,,Sale,MYR 6.00,
,,,,COGS %,58%,
,,,,Profit,MYR 2.50,
,,,,,,
Chocolate Chip Cookie,Chocolate Chip Cookie,1,pc,2.00,2.00,
,Packaging,1,pc,0.50,0.50,
,,,,Cost,MYR 2.50,
,,,,Sale,MYR 4.00,
,,,,COGS %,63%,
,,,,Profit,MYR 1.50,
,,,,,,
Nutella Cookie,Nutella Cookie,1,pc,3.00,3.00,
,Packaging,1,pc,0.50,0.50,
,,,,Cost,MYR 3.50,
,,,,Sale,MYR 6.00,
,,,,COGS %,58%,
,,,,Profit,MYR 2.50,
,,,,,,
Cinnamon Roll,Cinnamon Roll,1,pc,3.20,3.20,
,Packaging,1,pc,0.50,0.50,
,,,,Cost,MYR 3.70,
,,,,Sale,MYR 7.00,
,,,,COGS %,53%,
,,,,Profit,MYR 3.30,
,,,,,,
Scone with Jam & Cream,Scone,1,pc,2.00,2.00,
,Clotted Cream,30,gm,0.05,1.50,
,Berry Jam,20,gm,0.03,0.50,
,Packaging,1,pc,0.50,0.50,
,,,,Cost,MYR 4.50,
,,,,Sale,MYR 8.00,
,,,,COGS %,56%,
,,,,Profit,MYR 3.50,
,,,,,,
Whole Banana Bread Loaf,Banana Bread (whole),1,loaf,12.00,12.00,
,Packaging,1,pc,1.00,1.00,
,,,,Cost,MYR 13.00,
,,,,Sale,MYR 25.00,
,,,,COGS %,52%,
,,,,Profit,MYR 12.00,
,,,,,,
Coffee Beans 250g,House Blend Coffee Beans,250,gm,0.04,10.00,
,Bag/Label,1,pc,0.50,0.50,
,,,,Cost,MYR 10.50,
,,,,Sale,MYR 35.00,
,,,,COGS %,30%,
,,,,Profit,MYR 24.50,
,,,,,,
Thunder Mug,Ceramic Mug,1,pc,5.00,5.00,
,Printing/Label,1,pc,1.00,1.00,
,,,,Cost,MYR 6.00,
,,,,Sale,MYR 25.00,
,,,,COGS %,24%,
,,,,Profit,MYR 19.00,
,,,,,,
=== GRAB & GO MYR 4-10 SECTION ===,,,,,,,
,,,,,,
Peanut Butter Toast,Schiacciata Bread,1,pc,2.29,2.29,
,Peanut Butter,30,gm,0.01,0.30,
,Honey,10,ml,0.02,0.20,
,Packaging,1,pc,0.50,0.50,
,,,,Cost,MYR 3.29,
,,,,Sale,MYR 5.00,
,,,,COGS %,66%,
,,,,Profit,MYR 1.71,
,,,,,,
Kaya Toast,Schiacciata Bread,1,pc,2.29,2.29,
,Pandan Kaya,30,gm,0.01,0.27,
,Butter,10,gm,0.06,0.60,
,Packaging,1,pc,0.50,0.50,
,,,,Cost,MYR 3.66,
,,,,Sale,MYR 5.50,
,,,,COGS %,67%,
,,,,Profit,MYR 1.84,
,,,,,,
Garlic Cheese Toast,Schiacciata Bread,1,pc,2.29,2.29,
,Garlic Butter,15,gm,0.06,0.90,
,Bega Cheese Slice,1,slice,0.41,0.41,
,Parsley,2,gm,0.01,0.02,
,Packaging,1,pc,0.50,0.50,
,,,,Cost,MYR 4.12,
,,,,Sale,MYR 6.50,
,,,,COGS %,63%,
,,,,Profit,MYR 2.38,
,,,,,,
Egg on Toast (1 egg),Schiacciata Bread,1,pc,2.29,2.29,
,Egg,1,pc,0.53,0.53,
,Butter,5,gm,0.06,0.30,
,Salt,1,gm,0.01,0.01,
,Pepper,1,gm,0.08,0.08,
,Packaging,1,pc,0.50,0.50,
,,,,Cost,MYR 3.71,
,,,,Sale,MYR 5.50,
,,,,COGS %,67%,
,,,,Profit,MYR 1.79,
,,,,,,
Marmalade Toast,Schiacciata Bread,1,pc,2.29,2.29,
,Butter,10,gm,0.06,0.60,
,Orange Marmalade,20,gm,0.03,0.60,
,Packaging,1,pc,0.50,0.50,
,,,,Cost,MYR 3.99,
,,,,Sale,MYR 5.90,
,,,,COGS %,68%,
,,,,Profit,MYR 1.91,
,,,,,,
Simple Ham Sandwich,Thunder Sandwich Bread,2,slice,0.63,1.26,
,Chicken Ham,2,slices,0.33,0.65,
,Mayonnaise,10,gm,0.02,0.20,
,Lettuce,1,leaf,0.30,0.30,
,Packaging,1,pc,0.50,0.50,
,,,,Cost,MYR 2.91,
,,,,Sale,MYR 5.00,
,,,,COGS %,58%,
,,,,Profit,MYR 2.09,
,,,,,,
Cheese Sandwich,Thunder Sandwich Bread,2,slice,0.63,1.26,
,Bega Cheese Slice,2,slice,0.41,0.82,
,Butter,10,gm,0.06,0.60,
,Packaging,1,pc,0.50,0.50,
,,,,Cost,MYR 3.18,
,,,,Sale,MYR 5.50,
,,,,COGS %,58%,
,,,,Profit,MYR 2.32,
,,,,,,
Veggie Wrap,Flour Tortilla,1,pc,0.80,0.80,
,Cucumber,30,gm,0.01,0.30,
,Tomato,30,gm,0.00,0.15,
,Lettuce,2,leaves,0.30,0.60,
,Cream Cheese,20,gm,0.08,1.60,
,Packaging,1,pc,0.50,0.50,
,,,,Cost,MYR 3.95,
,,,,Sale,MYR 6.00,
,,,,COGS %,66%,
,,,,Profit,MYR 2.05,
,,,,,,
Tuna Mayo Wrap,Flour Tortilla,1,pc,0.80,0.80,
,Canned Tuna,60,gm,0.02,1.20,
,Mayonnaise,15,gm,0.02,0.30,
,Lettuce,1,leaf,0.30,0.30,
,Red Onion,10,gm,0.00,0.04,
,Packaging,1,pc,0.50,0.50,
,,,,Cost,MYR 3.14,
,,,,Sale,MYR 6.50,
,,,,COGS %,48%,
,,,,Profit,MYR 3.36,
,,,,,,
Egg Salad Wrap,Flour Tortilla,1,pc,0.80,0.80,
,Egg,2,pc,0.53,1.06,
,Mayonnaise,15,gm,0.02,0.30,
,Salt,1,gm,0.01,0.01,
,Pepper,1,gm,0.08,0.08,
,Lettuce,1,leaf,0.30,0.30,
,Packaging,1,pc,0.50,0.50,
,,,,Cost,MYR 3.05,
,,,,Sale,MYR 6.00,
,,,,COGS %,51%,
,,,,Profit,MYR 2.95,
,,,,,,
Chocolate Croissant,Chocolate Croissant,1,pc,2.50,2.50,
,Packaging,1,pc,0.50,0.50,
,,,,Cost,MYR 3.00,
,,,,Sale,MYR 6.00,
,,,,COGS %,50%,
,,,,Profit,MYR 3.00,
,,,,,,
Almond Croissant,Almond Croissant,1,pc,3.50,3.50,
,Packaging,1,pc,0.50,0.50,
,,,,Cost,MYR 4.00,
,,,,Sale,MYR 7.00,
,,,,COGS %,57%,
,,,,Profit,MYR 3.00,
,,,,,,
Banana Walnut Muffin,Banana Walnut Muffin,1,pc,2.80,2.80,
,Packaging,1,pc,0.50,0.50,
,,,,Cost,MYR 3.30,
,,,,Sale,MYR 6.50,
,,,,COGS %,51%,
,,,,Profit,MYR 3.20,
,,,,,,
Lemon Muffin,Lemon Muffin,1,pc,2.50,2.50,
,Packaging,1,pc,0.50,0.50,
,,,,Cost,MYR 3.00,
,,,,Sale,MYR 6.00,
,,,,COGS %,50%,
,,,,Profit,MYR 3.00,
,,,,,,
Chocolate Muffin,Chocolate Muffin,1,pc,2.50,2.50,
,Packaging,1,pc,0.50,0.50,
,,,,Cost,MYR 3.00,
,,,,Sale,MYR 6.00,
,,,,COGS %,50%,
,,,,Profit,MYR 3.00,
,,,,,,
Danish Pastry,Danish Pastry,1,pc,3.00,3.00,
,Packaging,1,pc,0.50,0.50,
,,,,Cost,MYR 3.50,
,,,,Sale,MYR 6.50,
,,,,COGS %,54%,
,,,,Profit,MYR 3.00,
,,,,,,
Plain Scone,Plain Scone,1,pc,2.00,2.00,
,Packaging,1,pc,0.50,0.50,
,,,,Cost,MYR 2.50,
,,,,Sale,MYR 5.00,
,,,,COGS %,50%,
,,,,Profit,MYR 2.50,
,,,,,,
Lemon Loaf Slice,Lemon Loaf,1,slice,2.80,2.80,
,Packaging,1,pc,0.50,0.50,
,,,,Cost,MYR 3.30,
,,,,Sale,MYR 6.50,
,,,,COGS %,51%,
,,,,Profit,MYR 3.20,
,,,,,,
Carrot Cake Slice,Carrot Walnut Cake,1,slice,3.00,3.00,
,Packaging,1,pc,0.50,0.50,
,,,,Cost,MYR 3.50,
,,,,Sale,MYR 7.00,
,,,,COGS %,50%,
,,,,Profit,MYR 3.50,
,,,,,,
Chocolate Marble Slice,Chocolate Marble Cake,1,slice,2.50,2.50,
,Packaging,1,pc,0.50,0.50,
,,,,Cost,MYR 3.00,
,,,,Sale,MYR 6.00,
,,,,COGS %,50%,
,,,,Profit,MYR 3.00,
,,,,,,
Apple Crumble Slice,Apple Crumble,1,slice,3.20,3.20,
,Packaging,1,pc,0.50,0.50,
,,,,Cost,MYR 3.70,
,,,,Sale,MYR 7.00,
,,,,COGS %,53%,
,,,,Profit,MYR 3.30,
,,,,,,
Double Chocolate Cookie,Double Chocolate Cookie,1,pc,2.50,2.50,
,Packaging,1,pc,0.50,0.50,
,,,,Cost,MYR 3.00,
,,,,Sale,MYR 5.00,
,,,,COGS %,60%,
,,,,Profit,MYR 2.00,
,,,,,,
Oat & Raisin Cookie,Oat & Raisin Cookie,1,pc,2.20,2.20,
,Packaging,1,pc,0.50,0.50,
,,,,Cost,MYR 2.70,
,,,,Sale,MYR 4.50,
,,,,COGS %,60%,
,,,,Profit,MYR 1.80,
,,,,,,
Peanut Butter Cookie,Peanut Butter Cookie,1,pc,2.40,2.40,
,Packaging,1,pc,0.50,0.50,
,,,,Cost,MYR 2.90,
,,,,Sale,MYR 5.00,
,,,,COGS %,58%,
,,,,Profit,MYR 2.10,
,,,,,,
Sea Salt Chocolate Cookie,Sea Salt Chocolate Cookie,1,pc,2.80,2.80,
,Packaging,1,pc,0.50,0.50,
,,,,Cost,MYR 3.30,
,,,,Sale,MYR 5.50,
,,,,COGS %,60%,
,,,,Profit,MYR 2.20,
,,,,,,
White Chocolate Macadamia Cookie,White Chocolate Macadamia Cookie,1,pc,3.50,3.50,
,Packaging,1,pc,0.50,0.50,
,,,,Cost,MYR 4.00,
,,,,Sale,MYR 6.50,
,,,,COGS %,62%,
,,,,Profit,MYR 2.50,
,,,,,,
Matcha Cookie,Matcha Cookie,1,pc,3.50,3.50,
,Packaging,1,pc,0.50,0.50,
,,,,Cost,MYR 4.00,
,,,,Sale,MYR 6.50,
,,,,COGS %,62%,
,,,,Profit,MYR 2.50,
,,,,,,
Raspberry White Choc Cookie,Raspberry White Choc Cookie,1,pc,3.00,3.00,
,Packaging,1,pc,0.50,0.50,
,,,,Cost,MYR 3.50,
,,,,Sale,MYR 6.00,
,,,,COGS %,58%,
,,,,Profit,MYR 2.50,
,,,,,,
Red Velvet Cookie,Red Velvet Cookie,1,pc,2.80,2.80,
,Packaging,1,pc,0.50,0.50,
,,,,Cost,MYR 3.30,
,,,,Sale,MYR 5.50,
,,,,COGS %,60%,
,,,,Profit,MYR 2.20,
,,,,,,
Blondie (White Choc Brownie),Blondie,1,pc,3.20,3.20,
,Packaging,1,pc,0.50,0.50,
,,,,Cost,MYR 3.70,
,,,,Sale,MYR 6.50,
,,,,COGS %,57%,
,,,,Profit,MYR 2.80,
,,,,,,
Belgian Fudge Brownie,Belgian Fudge Brownie,1,pc,3.80,3.80,
,Packaging,1,pc,0.50,0.50,
,,,,Cost,MYR 4.30,
,,,,Sale,MYR 7.50,
,,,,COGS %,57%,
,,,,Profit,MYR 3.20,
,,,,,,
Muesli Bar,Muesli Bar,1,pc,2.00,2.00,
,Packaging,1,pc,0.50,0.50,
,,,,Cost,MYR 2.50,
,,,,Sale,MYR 4.50,
,,,,COGS %,56%,
,,,,Profit,MYR 2.00,
,,,,,,
Protein Ball,Protein Ball,1,pc,2.20,2.20,
,Packaging,1,pc,0.50,0.50,
,,,,Cost,MYR 2.70,
,,,,Sale,MYR 5.00,
,,,,COGS %,54%,
,,,,Profit,MYR 2.30,
,,,,,,
Fruit Cup (Small),Mixed Fresh Fruit,150,gm,0.02,3.00,
,Container,1,pc,0.50,0.50,
,,,,Cost,MYR 3.50,
,,,,Sale,MYR 6.00,
,,,,COGS %,58%,
,,,,Profit,MYR 2.50,
,,,,,,
Hard Boiled Egg (2 pcs),Egg,2,pc,0.53,1.06,
,Salt,1,gm,0.01,0.01,
,Pepper,1,gm,0.08,0.08,
,Packaging,1,pc,0.50,0.50,
,,,,Cost,MYR 1.65,
,,,,Sale,MYR 4.00,
,,,,COGS %,41%,
,,,,Profit,MYR 2.35,
,,,,,,
Cheese & Crackers,Cheddar Cheese,40,gm,0.05,2.00,
,Crackers,6,pieces,0.25,1.50,
,Packaging,1,pc,0.50,0.50,
,,,,Cost,MYR 4.00,
,,,,Sale,MYR 6.50,
,,,,COGS %,62%,
,,,,Profit,MYR 2.50,
,,,,,,
Hummus & Veggie Sticks,Hummus,50,gm,0.05,2.50,
,Carrot Sticks,50,gm,0.00,0.20,
,Cucumber Sticks,50,gm,0.01,0.35,
,Celery Sticks,30,gm,0.01,0.20,
,Packaging,1,pc,0.50,0.50,
,,,,Cost,MYR 3.75,
,,,,Sale,MYR 6.50,
,,,,COGS %,58%,
,,,,Profit,MYR 2.75,
,,,,,,
Curry Puff (1 pc),Curry Puff,1,pc,2.00,2.00,
,Packaging,1,pc,0.50,0.50,
,,,,Cost,MYR 2.50,
,,,,Sale,MYR 4.50,
,,,,COGS %,56%,
,,,,Profit,MYR 2.00,
,,,,,,
Curry Puff (2 pcs),Curry Puff,2,pc,2.00,4.00,
,Packaging,1,pc,0.50,0.50,
,,,,Cost,MYR 4.50,
,,,,Sale,MYR 7.00,
,,,,COGS %,64%,
,,,,Profit,MYR 2.50,
,,,,,,
Egg Tart,Egg Tart,1,pc,2.00,2.00,
,Packaging,1,pc,0.50,0.50,
,,,,Cost,MYR 2.50,
,,,,Sale,MYR 4.50,
,,,,COGS %,56%,
,,,,Profit,MYR 2.00,
,,,,,,
Pandan Kaya Cake Slice,Pandan Kaya Cake,1,slice,2.50,2.50,
,Packaging,1,pc,0.50,0.50,
,,,,Cost,MYR 3.00,
,,,,Sale,MYR 5.50,
,,,,COGS %,55%,
,,,,Profit,MYR 2.50,
,,,,,,
Burnt Cheesecake Slice,Burnt Cheesecake,1,slice,4.00,4.00,
,Packaging,1,pc,0.50,0.50,
,,,,Cost,MYR 4.50,
,,,,Sale,MYR 8.50,
,,,,COGS %,53%,
,,,,Profit,MYR 4.00,
,,,,,,
Yogurt Parfait (Small),Greek Yoghurt,100,gm,0.02,2.00,
,Granola,20,gm,0.01,0.20,
,Honey,10,ml,0.02,0.20,
,Mixed Berries,15,gm,0.07,1.05,
,Container,1,pc,0.50,0.50,
,,,,Cost,MYR 3.95,
,,,,Sale,MYR 6.50,
,,,,COGS %,61%,
,,,,Profit,MYR 2.55,
,,,,,,
Granola Cup,Granola,50,gm,0.01,0.50,
,Farm Milk,150,ml,0.01,1.50,
,Honey,15,ml,0.02,0.30,
,Container,1,pc,0.50,0.50,
,,,,Cost,MYR 2.80,
,,,,Sale,MYR 5.00,
,,,,COGS %,56%,
,,,,Profit,MYR 2.20,
,,,,,,
Hot Cross Bun (Seasonal),Hot Cross Bun,1,pc,2.50,2.50,
,Packaging,1,pc,0.50,0.50,
,,,,Cost,MYR 3.00,
,,,,Sale,MYR 5.50,
,,,,COGS %,55%,
,,,,Profit,MYR 2.50,
,,,,,,
Sausage Roll,Sausage Roll,1,pc,3.00,3.00,
,Packaging,1,pc,0.50,0.50,
,,,,Cost,MYR 3.50,
,,,,Sale,MYR 6.00,
,,,,COGS %,58%,
,,,,Profit,MYR 2.50,
,,,,,,
Spinach & Cheese Pasty,Spinach & Cheese Pasty,1,pc,3.20,3.20,
,Packaging,1,pc,0.50,0.50,
,,,,Cost,MYR 3.70,
,,,,Sale,MYR 6.50,
,,,,COGS %,57%,
,,,,Profit,MYR 2.80,
,,,,,,
Mini Quiche (Bacon & Cheese),Mini Quiche,1,pc,3.50,3.50,
,Packaging,1,pc,0.50,0.50,
,,,,Cost,MYR 4.00,
,,,,Sale,MYR 6.50,
,,,,COGS %,62%,
,,,,Profit,MYR 2.50,
,,,,,,
Mini Quiche (Spinach & Feta),Mini Quiche,1,pc,3.20,3.20,
,Packaging,1,pc,0.50,0.50,
,,,,Cost,MYR 3.70,
,,,,Sale,MYR 6.00,
,,,,COGS %,62%,
,,,,Profit,MYR 2.30,
,,,,,,
Bread Roll with Butter,Bread Roll,1,pc,1.50,1.50,
,Butter,15,gm,0.06,0.90,
,Packaging,1,pc,0.50,0.50,
,,,,Cost,MYR 2.90,
,,,,Sale,MYR 4.50,
,,,,COGS %,64%,
,,,,Profit,MYR 1.60,
,,,,,,
Bread Roll with Jam,Bread Roll,1,pc,1.50,1.50,
,Butter,10,gm,0.06,0.60,
,Berry Jam,20,gm,0.03,0.50,
,Packaging,1,pc,0.50,0.50,
,,,,Cost,MYR 3.10,
,,,,Sale,MYR 5.00,
,,,,COGS %,62%,
,,,,Profit,MYR 1.90,
,,,,,,
Crumpet with Butter,Crumpet,1,pc,1.80,1.80,
,Butter,15,gm,0.06,0.90,
,Packaging,1,pc,0.50,0.50,
,,,,Cost,MYR 3.20,
,,,,Sale,MYR 5.00,
,,,,COGS %,64%,
,,,,Profit,MYR 1.80,
,,,,,,
Crumpet with Honey,Crumpet,1,pc,1.80,1.80,
,Butter,10,gm,0.06,0.60,
,Honey,15,ml,0.02,0.30,
,Packaging,1,pc,0.50,0.50,
,,,,Cost,MYR 3.20,
,,,,Sale,MYR 5.00,
,,,,COGS %,64%,
,,,,Profit,MYR 1.80,
,,,,,,
English Muffin with Butter,English Muffin,1,pc,1.50,1.50,
,Butter,15,gm,0.06,0.90,
,Packaging,1,pc,0.50,0.50,
,,,,Cost,MYR 2.90,
,,,,Sale,MYR 4.50,
,,,,COGS %,64%,
,,,,Profit,MYR 1.60,
,,,,,,
English Muffin with Jam,English Muffin,1,pc,1.50,1.50,
,Butter,10,gm,0.06,0.60,
,Berry Jam,20,gm,0.03,0.50,
,Packaging,1,pc,0.50,0.50,
,,,,Cost,MYR 3.10,
,,,,Sale,MYR 5.00,
,,,,COGS %,62%,
,,,,Profit,MYR 1.90,
,,,,,,
Bagel with Cream Cheese,Bagel,1,pc,1.50,1.50,
,Cream Cheese,30,gm,0.08,2.40,
,Packaging,1,pc,0.50,0.50,
,,,,Cost,MYR 4.40,
,,,,Sale,MYR 6.50,
,,,,COGS %,68%,
,,,,Profit,MYR 2.10,
,,,,,,
Bagel with Butter,Bagel,1,pc,1.50,1.50,
,Butter,15,gm,0.06,0.90,
,Packaging,1,pc,0.50,0.50,
,,,,Cost,MYR 2.90,
,,,,Sale,MYR 5.00,
,,,,COGS %,58%,
,,,,Profit,MYR 2.10,
,,,,,,
Rice Cake with Peanut Butter,Rice Cake,2,pieces,0.50,1.00,
,Peanut Butter,25,gm,0.01,0.25,
,Honey,10,ml,0.02,0.20,
,Packaging,1,pc,0.50,0.50,
,,,,Cost,MYR 1.95,
,,,,Sale,MYR 4.00,
,,,,COGS %,49%,
,,,,Profit,MYR 2.05,
,,,,,,
Rice Cake with Avocado,Rice Cake,2,pieces,0.50,1.00,
,Avocado,40,gm,0.08,3.20,
,Salt,1,gm,0.01,0.01,
,Chili Flakes,1,gm,0.00,0.01,
,Packaging,1,pc,0.50,0.50,
,,,,Cost,MYR 4.72,
,,,,Sale,MYR 6.50,
,,,,COGS %,73%,
,,,,Profit,MYR 1.78,
,,,,,,
Popcorn (Sweet),Popcorn,1,portion,2.00,2.00,
,Packaging,1,pc,0.50,0.50,
,,,,Cost,MYR 2.50,
,,,,Sale,MYR 5.00,
,,,,COGS %,50%,
,,,,Profit,MYR 2.50,
,,,,,,
Popcorn (Savory),Popcorn,1,portion,2.00,2.00,
,Packaging,1,pc,0.50,0.50,
,,,,Cost,MYR 2.50,
,,,,Sale,MYR 5.00,
,,,,COGS %,50%,
,,,,Profit,MYR 2.50,
,,,,,,
Mixed Nuts Pack,Mixed Nuts,40,gm,0.05,2.00,
,Packaging,1,pc,0.50,0.50,
,,,,Cost,MYR 2.50,
,,,,Sale,MYR 5.00,
,,,,COGS %,50%,
,,,,Profit,MYR 2.50,
,,,,,,
Dried Fruit Mix,Dried Fruit,50,gm,0.04,2.00,
,Packaging,1,pc,0.50,0.50,
,,,,Cost,MYR 2.50,
,,,,Sale,MYR 5.00,
,,,,COGS %,50%,
,,,,Profit,MYR 2.50,
,,,,,,
Trail Mix,Trail Mix,50,gm,0.05,2.50,
,Packaging,1,pc,0.50,0.50,
,,,,Cost,MYR 3.00,
,,,,Sale,MYR 5.50,
,,,,COGS %,55%,
,,,,Profit,MYR 2.50,
,,,,,,
Seaweed Snack Pack,Seaweed Snack,1,pack,1.50,1.50,
,Packaging,1,pc,0.50,0.50,
,,,,Cost,MYR 2.00,
,,,,Sale,MYR 4.00,
,,,,COGS %,50%,
,,,,Profit,MYR 2.00,
,,,,,,
Rice Crackers Pack,Rice Crackers,1,pack,1.80,1.80,
,Packaging,1,pc,0.50,0.50,
,,,,Cost,MYR 2.30,
,,,,Sale,MYR 4.50,
,,,,COGS %,51%,
,,,,Profit,MYR 2.20,
